-- phpMyAdmin SQL Dump
-- version 5.2.1
-- https://www.phpmyadmin.net/
--
-- Host: 127.0.0.1
-- Waktu pembuatan: 03 Okt 2024 pada 14.16
-- Versi server: 10.4.32-MariaDB
-- Versi PHP: 8.2.12

SET SQL_MODE = "NO_AUTO_VALUE_ON_ZERO";
START TRANSACTION;
SET time_zone = "+00:00";


/*!40101 SET @OLD_CHARACTER_SET_CLIENT=@@CHARACTER_SET_CLIENT */;
/*!40101 SET @OLD_CHARACTER_SET_RESULTS=@@CHARACTER_SET_RESULTS */;
/*!40101 SET @OLD_COLLATION_CONNECTION=@@COLLATION_CONNECTION */;
/*!40101 SET NAMES utf8mb4 */;

--
-- Database: `ahpsaw`
--

-- --------------------------------------------------------

--
-- Struktur dari tabel `alternatives`
--

CREATE TABLE `alternatives` (
  `id` bigint(20) UNSIGNED NOT NULL,
  `criteria_id` bigint(20) UNSIGNED NOT NULL,
  `criteria_sub_id` bigint(20) UNSIGNED NOT NULL,
  `student_id` bigint(20) UNSIGNED NOT NULL,
  `kelas_id` bigint(20) UNSIGNED NOT NULL,
  `alternative_value` double NOT NULL,
  `created_at` timestamp NULL DEFAULT NULL,
  `updated_at` timestamp NULL DEFAULT NULL
) ENGINE=InnoDB DEFAULT CHARSET=utf8mb4 COLLATE=utf8mb4_unicode_ci;

--
-- Dumping data untuk tabel `alternatives`
--

INSERT INTO `alternatives` (`id`, `criteria_id`, `criteria_sub_id`, `student_id`, `kelas_id`, `alternative_value`, `created_at`, `updated_at`) VALUES
(576, 9, 28, 8, 10, 1, '2024-10-02 09:30:57', '2024-10-02 09:30:57'),
(577, 10, 44, 8, 10, 5, '2024-10-02 09:30:57', '2024-10-02 09:30:57'),
(578, 15, 52, 8, 10, 3, '2024-10-02 09:30:57', '2024-10-02 09:30:57'),
(579, 9, 28, 10, 10, 1, '2024-10-02 09:31:22', '2024-10-02 09:31:22'),
(580, 10, 44, 10, 10, 5, '2024-10-02 09:31:22', '2024-10-02 09:31:22'),
(581, 15, 52, 10, 10, 3, '2024-10-02 09:31:22', '2024-10-02 09:31:22'),
(582, 9, 54, 21, 10, 3, '2024-10-02 09:32:11', '2024-10-02 09:32:11'),
(583, 10, 44, 21, 10, 5, '2024-10-02 09:32:11', '2024-10-02 09:32:11'),
(584, 15, 52, 21, 10, 3, '2024-10-02 09:32:11', '2024-10-02 09:32:11'),
(585, 9, 28, 22, 10, 1, '2024-10-02 09:32:57', '2024-10-02 09:32:57'),
(586, 10, 45, 22, 10, 3, '2024-10-02 09:32:57', '2024-10-02 09:32:57'),
(587, 15, 52, 22, 10, 3, '2024-10-02 09:32:57', '2024-10-02 09:32:57'),
(588, 9, 28, 23, 10, 1, '2024-10-02 09:33:19', '2024-10-02 09:33:19'),
(589, 10, 44, 23, 10, 5, '2024-10-02 09:33:19', '2024-10-02 09:33:19'),
(590, 15, 52, 23, 10, 3, '2024-10-02 09:33:19', '2024-10-02 09:33:19'),
(591, 9, 47, 26, 10, 3, '2024-10-02 09:33:44', '2024-10-02 09:33:44'),
(592, 10, 48, 26, 10, 3, '2024-10-02 09:33:44', '2024-10-02 09:33:44'),
(593, 15, 52, 26, 10, 3, '2024-10-02 09:33:44', '2024-10-02 09:33:44'),
(594, 9, 28, 27, 10, 1, '2024-10-02 09:34:05', '2024-10-02 09:34:05'),
(595, 10, 44, 27, 10, 5, '2024-10-02 09:34:05', '2024-10-02 09:34:05'),
(596, 15, 52, 27, 10, 3, '2024-10-02 09:34:05', '2024-10-02 09:34:05'),
(597, 9, 32, 28, 10, 5, '2024-10-02 09:34:27', '2024-10-02 09:34:27'),
(598, 10, 33, 28, 10, 5, '2024-10-02 09:34:27', '2024-10-02 09:34:27'),
(599, 15, 52, 28, 10, 3, '2024-10-02 09:34:27', '2024-10-02 09:34:27'),
(600, 9, 29, 29, 10, 5, '2024-10-02 09:34:55', '2024-10-02 09:34:55'),
(601, 10, 44, 29, 10, 5, '2024-10-02 09:34:55', '2024-10-02 09:34:55'),
(602, 15, 52, 29, 10, 3, '2024-10-02 09:34:55', '2024-10-02 09:34:55'),
(603, 9, 28, 31, 10, 1, '2024-10-02 09:35:24', '2024-10-02 09:35:24'),
(604, 10, 44, 31, 10, 5, '2024-10-02 09:35:24', '2024-10-02 09:35:24'),
(605, 15, 52, 31, 10, 3, '2024-10-02 09:35:24', '2024-10-02 09:35:24'),
(606, 9, 32, 32, 10, 5, '2024-10-02 09:35:43', '2024-10-02 09:35:43'),
(607, 10, 33, 32, 10, 5, '2024-10-02 09:35:43', '2024-10-02 09:35:43'),
(608, 15, 52, 32, 10, 3, '2024-10-02 09:35:43', '2024-10-02 09:35:43'),
(609, 9, 28, 35, 10, 1, '2024-10-02 09:36:03', '2024-10-02 09:36:03'),
(610, 10, 33, 35, 10, 5, '2024-10-02 09:36:03', '2024-10-02 09:36:03'),
(611, 15, 52, 35, 10, 3, '2024-10-02 09:36:03', '2024-10-02 09:36:03'),
(612, 9, 47, 37, 10, 3, '2024-10-02 09:36:43', '2024-10-02 09:36:43'),
(613, 10, 48, 37, 10, 3, '2024-10-02 09:36:43', '2024-10-02 09:36:43'),
(614, 15, 52, 37, 10, 3, '2024-10-02 09:36:43', '2024-10-02 09:36:43'),
(615, 9, 54, 39, 10, 3, '2024-10-02 09:37:07', '2024-10-02 09:37:07'),
(616, 10, 44, 39, 10, 5, '2024-10-02 09:37:07', '2024-10-02 09:37:07'),
(617, 15, 52, 39, 10, 3, '2024-10-02 09:37:07', '2024-10-02 09:37:07'),
(618, 9, 32, 44, 10, 5, '2024-10-02 09:37:34', '2024-10-02 09:37:34'),
(619, 10, 33, 44, 10, 5, '2024-10-02 09:37:34', '2024-10-02 09:37:34'),
(620, 15, 52, 44, 10, 3, '2024-10-02 09:37:34', '2024-10-02 09:37:34'),
(621, 9, 47, 45, 10, 3, '2024-10-02 09:37:58', '2024-10-02 09:37:58'),
(622, 10, 48, 45, 10, 3, '2024-10-02 09:37:58', '2024-10-02 09:37:58'),
(623, 15, 52, 45, 10, 3, '2024-10-02 09:37:58', '2024-10-02 09:37:58'),
(624, 9, 54, 46, 10, 3, '2024-10-02 09:38:32', '2024-10-02 09:38:32'),
(625, 10, 45, 46, 10, 3, '2024-10-02 09:38:32', '2024-10-02 09:38:32'),
(626, 15, 52, 46, 10, 3, '2024-10-02 09:38:32', '2024-10-02 09:38:32'),
(627, 9, 54, 46, 10, 3, '2024-10-02 09:38:35', '2024-10-02 09:38:35'),
(628, 10, 45, 46, 10, 3, '2024-10-02 09:38:35', '2024-10-02 09:38:35'),
(629, 15, 52, 46, 10, 3, '2024-10-02 09:38:35', '2024-10-02 09:38:35'),
(630, 9, 47, 48, 10, 3, '2024-10-02 09:39:06', '2024-10-02 09:39:06'),
(631, 10, 48, 48, 10, 3, '2024-10-02 09:39:06', '2024-10-02 09:39:06'),
(632, 15, 52, 48, 10, 3, '2024-10-02 09:39:06', '2024-10-02 09:39:06'),
(633, 9, 32, 51, 10, 5, '2024-10-02 09:39:30', '2024-10-02 09:39:30'),
(634, 10, 33, 51, 10, 5, '2024-10-02 09:39:30', '2024-10-02 09:39:30'),
(635, 15, 52, 51, 10, 3, '2024-10-02 09:39:30', '2024-10-02 09:39:30'),
(636, 9, 47, 52, 10, 3, '2024-10-02 09:39:53', '2024-10-02 09:39:53'),
(637, 10, 48, 52, 10, 3, '2024-10-02 09:39:53', '2024-10-02 09:39:53'),
(638, 15, 52, 52, 10, 3, '2024-10-02 09:39:53', '2024-10-02 09:39:53'),
(639, 9, 49, 56, 10, 5, '2024-10-02 09:42:51', '2024-10-02 09:42:51'),
(640, 10, 53, 56, 10, 5, '2024-10-02 09:42:51', '2024-10-02 09:42:51'),
(641, 15, 39, 56, 10, 1, '2024-10-02 09:42:51', '2024-10-02 09:42:51'),
(642, 9, 28, 57, 10, 1, '2024-10-02 09:43:22', '2024-10-02 09:43:22'),
(643, 10, 45, 57, 10, 3, '2024-10-02 09:43:22', '2024-10-02 09:43:22'),
(644, 15, 52, 57, 10, 3, '2024-10-02 09:43:22', '2024-10-02 09:43:22'),
(645, 9, 28, 59, 10, 1, '2024-10-02 09:43:42', '2024-10-02 09:43:42'),
(646, 10, 48, 59, 10, 3, '2024-10-02 09:43:42', '2024-10-02 09:43:42'),
(647, 15, 52, 59, 10, 3, '2024-10-02 09:43:42', '2024-10-02 09:43:42'),
(648, 9, 28, 61, 10, 1, '2024-10-02 09:44:08', '2024-10-02 09:44:08'),
(649, 10, 44, 61, 10, 5, '2024-10-02 09:44:08', '2024-10-02 09:44:08'),
(650, 15, 52, 61, 10, 3, '2024-10-02 09:44:08', '2024-10-02 09:44:08'),
(651, 9, 54, 65, 10, 3, '2024-10-02 09:45:15', '2024-10-02 09:45:15'),
(652, 10, 44, 65, 10, 5, '2024-10-02 09:45:15', '2024-10-02 09:45:15'),
(653, 15, 52, 65, 10, 3, '2024-10-02 09:45:15', '2024-10-02 09:45:15'),
(654, 9, 54, 66, 10, 3, '2024-10-02 09:45:41', '2024-10-02 09:45:41'),
(655, 10, 45, 66, 10, 3, '2024-10-02 09:45:41', '2024-10-02 09:45:41'),
(656, 15, 52, 66, 10, 3, '2024-10-02 09:45:41', '2024-10-02 09:45:41'),
(657, 9, 28, 69, 10, 1, '2024-10-02 09:46:27', '2024-10-02 09:46:27'),
(658, 10, 44, 69, 10, 5, '2024-10-02 09:46:27', '2024-10-02 09:46:27'),
(659, 15, 52, 69, 10, 3, '2024-10-02 09:46:27', '2024-10-02 09:46:27'),
(660, 9, 30, 80, 10, 1, '2024-10-02 09:46:52', '2024-10-02 09:46:52'),
(661, 10, 44, 80, 10, 5, '2024-10-02 09:46:52', '2024-10-02 09:46:52'),
(662, 15, 52, 80, 10, 3, '2024-10-02 09:46:52', '2024-10-02 09:46:52'),
(663, 9, 32, 83, 10, 5, '2024-10-02 09:47:09', '2024-10-02 09:47:09'),
(664, 10, 33, 83, 10, 5, '2024-10-02 09:47:09', '2024-10-02 09:47:09'),
(665, 15, 52, 83, 10, 3, '2024-10-02 09:47:09', '2024-10-02 09:47:09'),
(666, 9, 47, 84, 10, 3, '2024-10-02 09:47:30', '2024-10-02 09:47:30'),
(667, 10, 48, 84, 10, 3, '2024-10-02 09:47:30', '2024-10-02 09:47:30'),
(668, 15, 52, 84, 10, 3, '2024-10-02 09:47:30', '2024-10-02 09:47:30'),
(669, 9, 54, 87, 10, 3, '2024-10-02 09:48:08', '2024-10-02 09:48:08'),
(670, 10, 44, 87, 10, 5, '2024-10-02 09:48:08', '2024-10-02 09:48:08'),
(671, 15, 52, 87, 10, 3, '2024-10-02 09:48:08', '2024-10-02 09:48:08'),
(672, 9, 54, 91, 10, 3, '2024-10-02 09:48:44', '2024-10-02 09:48:44'),
(673, 10, 45, 91, 10, 3, '2024-10-02 09:48:44', '2024-10-02 09:48:44'),
(674, 15, 52, 91, 10, 3, '2024-10-02 09:48:44', '2024-10-02 09:48:44'),
(675, 9, 54, 92, 10, 3, '2024-10-02 09:49:11', '2024-10-02 09:49:11'),
(676, 10, 45, 92, 10, 3, '2024-10-02 09:49:11', '2024-10-02 09:49:11'),
(677, 15, 52, 92, 10, 3, '2024-10-02 09:49:11', '2024-10-02 09:49:11'),
(678, 9, 32, 93, 10, 5, '2024-10-02 09:49:30', '2024-10-02 09:49:30'),
(679, 10, 33, 93, 10, 5, '2024-10-02 09:49:30', '2024-10-02 09:49:30'),
(680, 15, 52, 93, 10, 3, '2024-10-02 09:49:30', '2024-10-02 09:49:30'),
(681, 9, 28, 98, 10, 1, '2024-10-02 09:49:48', '2024-10-02 09:49:48'),
(682, 10, 44, 98, 10, 5, '2024-10-02 09:49:48', '2024-10-02 09:49:48'),
(683, 15, 52, 98, 10, 3, '2024-10-02 09:49:48', '2024-10-02 09:49:48'),
(684, 9, 32, 102, 10, 5, '2024-10-02 09:50:12', '2024-10-02 09:50:12'),
(685, 10, 33, 102, 10, 5, '2024-10-02 09:50:12', '2024-10-02 09:50:12'),
(686, 15, 52, 102, 10, 3, '2024-10-02 09:50:12', '2024-10-02 09:50:12'),
(687, 9, 28, 104, 10, 1, '2024-10-02 09:50:51', '2024-10-02 09:50:51'),
(688, 10, 44, 104, 10, 5, '2024-10-02 09:50:51', '2024-10-02 09:50:51'),
(689, 15, 52, 104, 10, 3, '2024-10-02 09:50:51', '2024-10-02 09:50:51'),
(690, 9, 28, 105, 10, 1, '2024-10-02 09:51:11', '2024-10-02 09:51:11'),
(691, 10, 44, 105, 10, 5, '2024-10-02 09:51:11', '2024-10-02 09:51:11'),
(692, 15, 52, 105, 10, 3, '2024-10-02 09:51:11', '2024-10-02 09:51:11'),
(693, 9, 28, 106, 10, 1, '2024-10-02 09:51:32', '2024-10-02 09:51:32'),
(694, 10, 44, 106, 10, 5, '2024-10-02 09:51:32', '2024-10-02 09:51:32'),
(695, 15, 52, 106, 10, 3, '2024-10-02 09:51:32', '2024-10-02 09:51:32'),
(696, 9, 30, 107, 10, 1, '2024-10-02 09:51:51', '2024-10-02 09:51:51'),
(697, 10, 44, 107, 10, 5, '2024-10-02 09:51:51', '2024-10-02 09:51:51'),
(698, 15, 52, 107, 10, 3, '2024-10-02 09:51:51', '2024-10-02 09:51:51'),
(699, 9, 47, 108, 10, 3, '2024-10-02 09:52:15', '2024-10-02 09:52:15'),
(700, 10, 48, 108, 10, 3, '2024-10-02 09:52:15', '2024-10-02 09:52:15'),
(701, 15, 52, 108, 10, 3, '2024-10-02 09:52:15', '2024-10-02 09:52:15'),
(702, 9, 28, 111, 10, 1, '2024-10-02 09:52:56', '2024-10-02 09:52:56'),
(703, 10, 45, 111, 10, 3, '2024-10-02 09:52:56', '2024-10-02 09:52:56'),
(704, 15, 52, 111, 10, 3, '2024-10-02 09:52:56', '2024-10-02 09:52:56'),
(705, 9, 32, 116, 10, 5, '2024-10-02 09:53:20', '2024-10-02 09:53:20'),
(706, 10, 44, 116, 10, 5, '2024-10-02 09:53:20', '2024-10-02 09:53:20'),
(707, 15, 52, 116, 10, 3, '2024-10-02 09:53:20', '2024-10-02 09:53:20'),
(708, 9, 28, 118, 10, 1, '2024-10-02 09:53:48', '2024-10-02 09:53:48'),
(709, 10, 45, 118, 10, 3, '2024-10-02 09:53:48', '2024-10-02 09:53:48'),
(710, 15, 52, 118, 10, 3, '2024-10-02 09:53:48', '2024-10-02 09:53:48'),
(711, 9, 54, 121, 10, 3, '2024-10-02 09:54:11', '2024-10-02 09:54:11'),
(712, 10, 44, 121, 10, 5, '2024-10-02 09:54:11', '2024-10-02 09:54:11'),
(713, 15, 52, 121, 10, 3, '2024-10-02 09:54:11', '2024-10-02 09:54:11'),
(714, 9, 28, 122, 10, 1, '2024-10-02 09:54:35', '2024-10-02 09:54:35'),
(715, 10, 44, 122, 10, 5, '2024-10-02 09:54:35', '2024-10-02 09:54:35'),
(716, 15, 52, 122, 10, 3, '2024-10-02 09:54:35', '2024-10-02 09:54:35'),
(717, 9, 54, 123, 10, 3, '2024-10-02 09:55:00', '2024-10-02 09:55:00'),
(718, 10, 45, 123, 10, 3, '2024-10-02 09:55:00', '2024-10-02 09:55:00'),
(719, 15, 52, 123, 10, 3, '2024-10-02 09:55:00', '2024-10-02 09:55:00'),
(720, 9, 47, 124, 10, 3, '2024-10-02 09:55:40', '2024-10-02 09:55:40'),
(721, 10, 45, 124, 10, 3, '2024-10-02 09:55:40', '2024-10-02 09:55:40'),
(722, 15, 52, 124, 10, 3, '2024-10-02 09:55:40', '2024-10-02 09:55:40'),
(723, 9, 28, 11, 11, 1, '2024-10-02 09:56:36', '2024-10-02 09:56:36'),
(724, 10, 44, 11, 11, 5, '2024-10-02 09:56:36', '2024-10-02 09:56:36'),
(725, 15, 52, 11, 11, 3, '2024-10-02 09:56:36', '2024-10-02 09:56:36'),
(726, 9, 47, 13, 11, 3, '2024-10-02 09:56:59', '2024-10-02 09:56:59'),
(727, 10, 48, 13, 11, 3, '2024-10-02 09:56:59', '2024-10-02 09:56:59'),
(728, 15, 52, 13, 11, 3, '2024-10-02 09:56:59', '2024-10-02 09:56:59'),
(729, 9, 30, 14, 11, 1, '2024-10-02 09:57:29', '2024-10-02 09:57:29'),
(730, 10, 44, 14, 11, 5, '2024-10-02 09:57:29', '2024-10-02 09:57:29'),
(731, 15, 39, 14, 11, 1, '2024-10-02 09:57:29', '2024-10-02 09:57:29'),
(732, 9, 47, 15, 11, 3, '2024-10-02 09:57:51', '2024-10-02 09:57:51'),
(733, 10, 48, 15, 11, 3, '2024-10-02 09:57:51', '2024-10-02 09:57:51'),
(734, 15, 52, 15, 11, 3, '2024-10-02 09:57:51', '2024-10-02 09:57:51'),
(735, 9, 47, 16, 11, 3, '2024-10-02 09:58:33', '2024-10-02 09:58:33'),
(736, 10, 45, 16, 11, 3, '2024-10-02 09:58:33', '2024-10-02 09:58:33'),
(737, 15, 52, 16, 11, 3, '2024-10-02 09:58:33', '2024-10-02 09:58:33'),
(738, 9, 47, 24, 11, 3, '2024-10-02 09:59:12', '2024-10-02 09:59:12'),
(739, 10, 45, 24, 11, 3, '2024-10-02 09:59:12', '2024-10-02 09:59:12'),
(740, 15, 52, 24, 11, 3, '2024-10-02 09:59:12', '2024-10-02 09:59:12'),
(741, 9, 28, 25, 11, 1, '2024-10-02 09:59:31', '2024-10-02 09:59:31'),
(742, 10, 45, 25, 11, 3, '2024-10-02 09:59:31', '2024-10-02 09:59:31'),
(743, 15, 52, 25, 11, 3, '2024-10-02 09:59:31', '2024-10-02 09:59:31'),
(744, 9, 32, 30, 11, 5, '2024-10-02 09:59:52', '2024-10-02 09:59:52'),
(745, 10, 44, 30, 11, 5, '2024-10-02 09:59:52', '2024-10-02 09:59:52'),
(746, 15, 52, 30, 11, 3, '2024-10-02 09:59:52', '2024-10-02 09:59:52'),
(747, 9, 28, 33, 11, 1, '2024-10-02 10:00:17', '2024-10-02 10:00:17'),
(748, 10, 45, 33, 11, 3, '2024-10-02 10:00:17', '2024-10-02 10:00:17'),
(749, 15, 52, 33, 11, 3, '2024-10-02 10:00:17', '2024-10-02 10:00:17'),
(750, 9, 30, 36, 11, 1, '2024-10-02 10:02:04', '2024-10-02 10:02:04'),
(751, 10, 44, 36, 11, 5, '2024-10-02 10:02:04', '2024-10-02 10:02:04'),
(752, 15, 52, 36, 11, 3, '2024-10-02 10:02:04', '2024-10-02 10:02:04'),
(753, 9, 47, 49, 11, 3, '2024-10-02 10:02:50', '2024-10-02 10:02:50'),
(754, 10, 48, 49, 11, 3, '2024-10-02 10:02:50', '2024-10-02 10:02:50'),
(755, 15, 52, 49, 11, 3, '2024-10-02 10:02:50', '2024-10-02 10:02:50'),
(756, 9, 47, 50, 11, 3, '2024-10-02 10:03:23', '2024-10-02 10:03:23'),
(757, 10, 45, 50, 11, 3, '2024-10-02 10:03:23', '2024-10-02 10:03:23'),
(758, 15, 52, 50, 11, 3, '2024-10-02 10:03:23', '2024-10-02 10:03:23'),
(759, 9, 29, 54, 11, 5, '2024-10-02 10:03:59', '2024-10-02 10:03:59'),
(760, 10, 33, 54, 11, 5, '2024-10-02 10:03:59', '2024-10-02 10:03:59'),
(761, 15, 52, 54, 11, 3, '2024-10-02 10:03:59', '2024-10-02 10:03:59'),
(762, 9, 28, 55, 11, 1, '2024-10-02 10:04:24', '2024-10-02 10:04:24'),
(763, 10, 45, 55, 11, 3, '2024-10-02 10:04:24', '2024-10-02 10:04:24'),
(764, 15, 52, 55, 11, 3, '2024-10-02 10:04:24', '2024-10-02 10:04:24'),
(765, 9, 32, 58, 11, 5, '2024-10-02 10:04:45', '2024-10-02 10:04:45'),
(766, 10, 44, 58, 11, 5, '2024-10-02 10:04:45', '2024-10-02 10:04:45'),
(767, 15, 52, 58, 11, 3, '2024-10-02 10:04:45', '2024-10-02 10:04:45'),
(768, 9, 28, 60, 11, 1, '2024-10-02 10:06:14', '2024-10-02 10:06:14'),
(769, 10, 45, 60, 11, 3, '2024-10-02 10:06:14', '2024-10-02 10:06:14'),
(770, 15, 52, 60, 11, 3, '2024-10-02 10:06:14', '2024-10-02 10:06:14'),
(771, 9, 28, 62, 11, 1, '2024-10-02 10:06:46', '2024-10-02 10:06:46'),
(772, 10, 48, 62, 11, 3, '2024-10-02 10:06:46', '2024-10-02 10:06:46'),
(773, 15, 52, 62, 11, 3, '2024-10-02 10:06:46', '2024-10-02 10:06:46'),
(774, 9, 29, 64, 11, 5, '2024-10-02 10:07:19', '2024-10-02 10:07:19'),
(775, 10, 44, 64, 11, 5, '2024-10-02 10:07:19', '2024-10-02 10:07:19'),
(776, 15, 39, 64, 11, 1, '2024-10-02 10:07:19', '2024-10-02 10:07:19'),
(777, 9, 54, 67, 11, 3, '2024-10-02 10:07:44', '2024-10-02 10:07:44'),
(778, 10, 45, 67, 11, 3, '2024-10-02 10:07:44', '2024-10-02 10:07:44'),
(779, 15, 52, 67, 11, 3, '2024-10-02 10:07:44', '2024-10-02 10:07:44'),
(780, 9, 49, 72, 11, 5, '2024-10-02 10:08:34', '2024-10-02 10:08:34'),
(781, 10, 53, 72, 11, 5, '2024-10-02 10:08:34', '2024-10-02 10:08:34'),
(782, 15, 39, 72, 11, 1, '2024-10-02 10:08:34', '2024-10-02 10:08:34'),
(783, 9, 29, 73, 11, 5, '2024-10-02 10:09:09', '2024-10-02 10:09:09'),
(784, 10, 33, 73, 11, 5, '2024-10-02 10:09:09', '2024-10-02 10:09:09'),
(785, 15, 52, 73, 11, 3, '2024-10-02 10:09:09', '2024-10-02 10:09:09'),
(786, 9, 29, 74, 11, 5, '2024-10-02 10:09:35', '2024-10-02 10:09:35'),
(787, 10, 33, 74, 11, 5, '2024-10-02 10:09:35', '2024-10-02 10:09:35'),
(788, 15, 52, 74, 11, 3, '2024-10-02 10:09:35', '2024-10-02 10:09:35'),
(789, 9, 47, 75, 11, 3, '2024-10-02 10:09:54', '2024-10-02 10:09:54'),
(790, 10, 48, 75, 11, 3, '2024-10-02 10:09:54', '2024-10-02 10:09:54'),
(791, 15, 52, 75, 11, 3, '2024-10-02 10:09:54', '2024-10-02 10:09:54'),
(792, 9, 28, 77, 11, 1, '2024-10-02 10:10:14', '2024-10-02 10:10:14'),
(793, 10, 44, 77, 11, 5, '2024-10-02 10:10:14', '2024-10-02 10:10:14'),
(794, 15, 52, 77, 11, 3, '2024-10-02 10:10:14', '2024-10-02 10:10:14'),
(795, 9, 28, 78, 11, 1, '2024-10-02 10:10:36', '2024-10-02 10:10:36'),
(796, 10, 45, 78, 11, 3, '2024-10-02 10:10:36', '2024-10-02 10:10:36'),
(797, 15, 52, 78, 11, 3, '2024-10-02 10:10:36', '2024-10-02 10:10:36'),
(798, 9, 49, 81, 11, 5, '2024-10-02 10:11:05', '2024-10-02 10:11:05'),
(799, 10, 53, 81, 11, 5, '2024-10-02 10:11:05', '2024-10-02 10:11:05'),
(800, 15, 39, 81, 11, 1, '2024-10-02 10:11:05', '2024-10-02 10:11:05'),
(801, 9, 28, 82, 11, 1, '2024-10-02 10:11:26', '2024-10-02 10:11:26'),
(802, 10, 45, 82, 11, 3, '2024-10-02 10:11:26', '2024-10-02 10:11:26'),
(803, 15, 52, 82, 11, 3, '2024-10-02 10:11:26', '2024-10-02 10:11:26'),
(804, 9, 47, 85, 11, 3, '2024-10-02 10:12:00', '2024-10-02 10:12:00'),
(805, 10, 45, 85, 11, 3, '2024-10-02 10:12:00', '2024-10-02 10:12:00'),
(806, 15, 52, 85, 11, 3, '2024-10-02 10:12:00', '2024-10-02 10:12:00'),
(807, 9, 49, 89, 11, 5, '2024-10-02 10:13:14', '2024-10-02 10:13:14'),
(808, 10, 53, 89, 11, 5, '2024-10-02 10:13:14', '2024-10-02 10:13:14'),
(809, 15, 39, 89, 11, 1, '2024-10-02 10:13:14', '2024-10-02 10:13:14'),
(810, 9, 47, 90, 11, 3, '2024-10-02 10:13:49', '2024-10-02 10:13:49'),
(811, 10, 45, 90, 11, 3, '2024-10-02 10:13:49', '2024-10-02 10:13:49'),
(812, 15, 39, 90, 11, 1, '2024-10-02 10:13:49', '2024-10-02 10:13:49'),
(813, 9, 28, 95, 11, 1, '2024-10-02 10:14:16', '2024-10-02 10:14:16'),
(814, 10, 45, 95, 11, 3, '2024-10-02 10:14:16', '2024-10-02 10:14:16'),
(815, 15, 39, 95, 11, 1, '2024-10-02 10:14:16', '2024-10-02 10:14:16'),
(816, 9, 32, 96, 11, 5, '2024-10-02 10:14:44', '2024-10-02 10:14:44'),
(817, 10, 33, 96, 11, 5, '2024-10-02 10:14:44', '2024-10-02 10:14:44'),
(818, 15, 52, 96, 11, 3, '2024-10-02 10:14:44', '2024-10-02 10:14:44'),
(819, 9, 32, 100, 11, 5, '2024-10-02 10:15:05', '2024-10-02 10:15:05'),
(820, 10, 44, 100, 11, 5, '2024-10-02 10:15:05', '2024-10-02 10:15:05'),
(821, 15, 52, 100, 11, 3, '2024-10-02 10:15:05', '2024-10-02 10:15:05'),
(822, 9, 29, 101, 11, 5, '2024-10-02 10:15:38', '2024-10-02 10:15:38'),
(823, 10, 45, 101, 11, 3, '2024-10-02 10:15:38', '2024-10-02 10:15:38'),
(824, 15, 52, 101, 11, 3, '2024-10-02 10:15:38', '2024-10-02 10:15:38'),
(825, 9, 28, 103, 11, 1, '2024-10-02 10:15:53', '2024-10-02 10:15:53'),
(826, 10, 44, 103, 11, 5, '2024-10-02 10:15:53', '2024-10-02 10:15:53'),
(827, 15, 52, 103, 11, 3, '2024-10-02 10:15:53', '2024-10-02 10:15:53'),
(828, 9, 28, 109, 11, 1, '2024-10-02 10:16:11', '2024-10-02 10:16:11'),
(829, 10, 44, 109, 11, 5, '2024-10-02 10:16:11', '2024-10-02 10:16:11'),
(830, 15, 52, 109, 11, 3, '2024-10-02 10:16:11', '2024-10-02 10:16:11'),
(831, 9, 28, 112, 11, 1, '2024-10-02 10:16:39', '2024-10-02 10:16:39'),
(832, 10, 45, 112, 11, 3, '2024-10-02 10:16:39', '2024-10-02 10:16:39'),
(833, 15, 52, 112, 11, 3, '2024-10-02 10:16:39', '2024-10-02 10:16:39'),
(834, 9, 28, 113, 11, 1, '2024-10-02 10:17:02', '2024-10-02 10:17:02'),
(835, 10, 44, 113, 11, 5, '2024-10-02 10:17:02', '2024-10-02 10:17:02'),
(836, 15, 52, 113, 11, 3, '2024-10-02 10:17:02', '2024-10-02 10:17:02'),
(837, 9, 47, 114, 11, 3, '2024-10-02 10:17:21', '2024-10-02 10:17:21'),
(838, 10, 48, 114, 11, 3, '2024-10-02 10:17:21', '2024-10-02 10:17:21'),
(839, 15, 52, 114, 11, 3, '2024-10-02 10:17:21', '2024-10-02 10:17:21'),
(840, 9, 29, 115, 11, 5, '2024-10-02 10:17:40', '2024-10-02 10:17:40'),
(841, 10, 45, 115, 11, 3, '2024-10-02 10:17:40', '2024-10-02 10:17:40'),
(842, 15, 52, 115, 11, 3, '2024-10-02 10:17:40', '2024-10-02 10:17:40'),
(843, 9, 28, 117, 11, 1, '2024-10-02 10:18:10', '2024-10-02 10:18:10'),
(844, 10, 44, 117, 11, 5, '2024-10-02 10:18:10', '2024-10-02 10:18:10'),
(845, 15, 52, 117, 11, 3, '2024-10-02 10:18:10', '2024-10-02 10:18:10'),
(846, 9, 32, 119, 11, 5, '2024-10-02 10:18:35', '2024-10-02 10:18:35'),
(847, 10, 33, 119, 11, 5, '2024-10-02 10:18:35', '2024-10-02 10:18:35'),
(848, 15, 52, 119, 11, 3, '2024-10-02 10:18:35', '2024-10-02 10:18:35'),
(849, 9, 47, 120, 11, 3, '2024-10-02 10:20:04', '2024-10-02 10:20:04'),
(850, 10, 45, 120, 11, 3, '2024-10-02 10:20:04', '2024-10-02 10:20:04'),
(851, 15, 52, 120, 11, 3, '2024-10-02 10:20:04', '2024-10-02 10:20:04'),
(852, 9, 47, 125, 11, 3, '2024-10-02 10:20:30', '2024-10-02 10:20:30'),
(853, 10, 45, 125, 11, 3, '2024-10-02 10:20:30', '2024-10-02 10:20:30'),
(854, 15, 52, 125, 11, 3, '2024-10-02 10:20:30', '2024-10-02 10:20:30'),
(855, 9, 47, 126, 11, 3, '2024-10-02 10:20:46', '2024-10-02 10:20:46'),
(856, 10, 45, 126, 11, 3, '2024-10-02 10:20:46', '2024-10-02 10:20:46'),
(857, 15, 52, 126, 11, 3, '2024-10-02 10:20:46', '2024-10-02 10:20:46'),
(858, 9, 47, 127, 11, 3, '2024-10-02 10:21:07', '2024-10-02 10:21:07'),
(859, 10, 45, 127, 11, 3, '2024-10-02 10:21:07', '2024-10-02 10:21:07'),
(860, 15, 52, 127, 11, 3, '2024-10-02 10:21:07', '2024-10-02 10:21:07'),
(861, 9, 31, 9, 12, 5, '2024-10-02 10:47:33', '2024-10-02 10:47:33'),
(862, 10, 33, 9, 12, 5, '2024-10-02 10:47:33', '2024-10-02 10:47:33'),
(863, 15, 52, 9, 12, 3, '2024-10-02 10:47:33', '2024-10-02 10:47:33'),
(864, 9, 54, 12, 12, 3, '2024-10-02 10:47:58', '2024-10-02 10:47:58'),
(865, 10, 48, 12, 12, 3, '2024-10-02 10:47:58', '2024-10-02 10:47:58'),
(866, 15, 52, 12, 12, 3, '2024-10-02 10:47:58', '2024-10-02 10:47:58'),
(867, 9, 47, 17, 12, 3, '2024-10-02 10:48:17', '2024-10-02 10:48:17'),
(868, 10, 45, 17, 12, 3, '2024-10-02 10:48:17', '2024-10-02 10:48:17'),
(869, 15, 52, 17, 12, 3, '2024-10-02 10:48:17', '2024-10-02 10:48:17'),
(870, 9, 28, 18, 12, 1, '2024-10-02 10:48:43', '2024-10-02 10:48:43'),
(871, 10, 45, 18, 12, 3, '2024-10-02 10:48:43', '2024-10-02 10:48:43'),
(872, 15, 52, 18, 12, 3, '2024-10-02 10:48:43', '2024-10-02 10:48:43'),
(873, 9, 47, 19, 12, 3, '2024-10-02 10:49:02', '2024-10-02 10:49:02'),
(874, 10, 45, 19, 12, 3, '2024-10-02 10:49:02', '2024-10-02 10:49:02'),
(875, 15, 52, 19, 12, 3, '2024-10-02 10:49:02', '2024-10-02 10:49:02'),
(876, 9, 28, 20, 12, 1, '2024-10-02 10:49:22', '2024-10-02 10:49:22'),
(877, 10, 45, 20, 12, 3, '2024-10-02 10:49:22', '2024-10-02 10:49:22'),
(878, 15, 52, 20, 12, 3, '2024-10-02 10:49:22', '2024-10-02 10:49:22'),
(879, 9, 28, 34, 12, 1, '2024-10-02 10:49:56', '2024-10-02 10:49:56'),
(880, 10, 44, 34, 12, 5, '2024-10-02 10:49:56', '2024-10-02 10:49:56'),
(881, 15, 52, 34, 12, 3, '2024-10-02 10:49:56', '2024-10-02 10:49:56'),
(882, 9, 54, 38, 12, 3, '2024-10-02 10:50:26', '2024-10-02 10:50:26'),
(883, 10, 45, 38, 12, 3, '2024-10-02 10:50:26', '2024-10-02 10:50:26'),
(884, 15, 52, 38, 12, 3, '2024-10-02 10:50:26', '2024-10-02 10:50:26'),
(885, 9, 47, 40, 12, 3, '2024-10-02 10:51:27', '2024-10-02 10:51:27'),
(886, 10, 45, 40, 12, 3, '2024-10-02 10:51:27', '2024-10-02 10:51:27'),
(887, 15, 52, 40, 12, 3, '2024-10-02 10:51:27', '2024-10-02 10:51:27'),
(888, 9, 28, 41, 12, 1, '2024-10-02 10:51:48', '2024-10-02 10:51:48'),
(889, 10, 44, 41, 12, 5, '2024-10-02 10:51:48', '2024-10-02 10:51:48'),
(890, 15, 52, 41, 12, 3, '2024-10-02 10:51:48', '2024-10-02 10:51:48'),
(891, 9, 54, 42, 12, 3, '2024-10-02 10:52:06', '2024-10-02 10:52:06'),
(892, 10, 44, 42, 12, 5, '2024-10-02 10:52:06', '2024-10-02 10:52:06'),
(893, 15, 52, 42, 12, 3, '2024-10-02 10:52:06', '2024-10-02 10:52:06'),
(894, 9, 31, 43, 12, 5, '2024-10-02 10:52:26', '2024-10-02 10:52:26'),
(895, 10, 44, 43, 12, 5, '2024-10-02 10:52:26', '2024-10-02 10:52:26'),
(896, 15, 52, 43, 12, 3, '2024-10-02 10:52:26', '2024-10-02 10:52:26'),
(897, 9, 47, 47, 12, 3, '2024-10-02 10:52:48', '2024-10-02 10:52:48'),
(898, 10, 45, 47, 12, 3, '2024-10-02 10:52:48', '2024-10-02 10:52:48'),
(899, 15, 52, 47, 12, 3, '2024-10-02 10:52:48', '2024-10-02 10:52:48'),
(900, 9, 28, 53, 12, 1, '2024-10-02 10:53:22', '2024-10-02 10:53:22'),
(901, 10, 33, 53, 12, 5, '2024-10-02 10:53:22', '2024-10-02 10:53:22'),
(902, 15, 52, 53, 12, 3, '2024-10-02 10:53:22', '2024-10-02 10:53:22'),
(903, 9, 32, 63, 12, 5, '2024-10-02 10:53:44', '2024-10-02 10:53:44'),
(904, 10, 33, 63, 12, 5, '2024-10-02 10:53:44', '2024-10-02 10:53:44'),
(905, 15, 52, 63, 12, 3, '2024-10-02 10:53:44', '2024-10-02 10:53:44'),
(906, 9, 47, 68, 12, 3, '2024-10-02 10:54:07', '2024-10-02 10:54:07'),
(907, 10, 44, 68, 12, 5, '2024-10-02 10:54:07', '2024-10-02 10:54:07'),
(908, 15, 52, 68, 12, 3, '2024-10-02 10:54:07', '2024-10-02 10:54:07'),
(909, 9, 28, 70, 12, 1, '2024-10-02 10:54:33', '2024-10-02 10:54:33'),
(910, 10, 45, 70, 12, 3, '2024-10-02 10:54:33', '2024-10-02 10:54:33'),
(911, 15, 52, 70, 12, 3, '2024-10-02 10:54:33', '2024-10-02 10:54:33'),
(912, 9, 28, 71, 12, 1, '2024-10-02 10:54:58', '2024-10-02 10:54:58'),
(913, 10, 45, 71, 12, 3, '2024-10-02 10:54:58', '2024-10-02 10:54:58'),
(914, 15, 39, 71, 12, 1, '2024-10-02 10:54:58', '2024-10-02 10:54:58'),
(915, 9, 30, 76, 12, 1, '2024-10-02 10:55:17', '2024-10-02 10:55:17'),
(916, 10, 44, 76, 12, 5, '2024-10-02 10:55:17', '2024-10-02 10:55:17'),
(917, 15, 52, 76, 12, 3, '2024-10-02 10:55:17', '2024-10-02 10:55:17'),
(918, 9, 32, 79, 12, 5, '2024-10-02 10:55:37', '2024-10-02 10:55:37'),
(919, 10, 44, 79, 12, 5, '2024-10-02 10:55:37', '2024-10-02 10:55:37'),
(920, 15, 52, 79, 12, 3, '2024-10-02 10:55:37', '2024-10-02 10:55:37'),
(921, 9, 47, 86, 12, 3, '2024-10-02 10:56:04', '2024-10-02 10:56:04'),
(922, 10, 45, 86, 12, 3, '2024-10-02 10:56:04', '2024-10-02 10:56:04'),
(923, 15, 52, 86, 12, 3, '2024-10-02 10:56:04', '2024-10-02 10:56:04'),
(924, 9, 47, 88, 12, 3, '2024-10-02 10:56:35', '2024-10-02 10:56:35'),
(925, 10, 45, 88, 12, 3, '2024-10-02 10:56:35', '2024-10-02 10:56:35'),
(926, 15, 52, 88, 12, 3, '2024-10-02 10:56:35', '2024-10-02 10:56:35'),
(927, 9, 28, 94, 12, 1, '2024-10-02 10:56:59', '2024-10-02 10:56:59'),
(928, 10, 48, 94, 12, 3, '2024-10-02 10:56:59', '2024-10-02 10:56:59'),
(929, 15, 52, 94, 12, 3, '2024-10-02 10:56:59', '2024-10-02 10:56:59'),
(930, 9, 29, 97, 12, 5, '2024-10-02 10:57:20', '2024-10-02 10:57:20'),
(931, 10, 33, 97, 12, 5, '2024-10-02 10:57:20', '2024-10-02 10:57:20'),
(932, 15, 52, 97, 12, 3, '2024-10-02 10:57:20', '2024-10-02 10:57:20'),
(933, 9, 28, 99, 12, 1, '2024-10-02 10:57:40', '2024-10-02 10:57:40'),
(934, 10, 33, 99, 12, 5, '2024-10-02 10:57:40', '2024-10-02 10:57:40'),
(935, 15, 52, 99, 12, 3, '2024-10-02 10:57:40', '2024-10-02 10:57:40'),
(936, 9, 32, 110, 12, 5, '2024-10-02 10:58:05', '2024-10-02 10:58:05'),
(937, 10, 33, 110, 12, 5, '2024-10-02 10:58:05', '2024-10-02 10:58:05'),
(938, 15, 52, 110, 12, 3, '2024-10-02 10:58:05', '2024-10-02 10:58:05');

-- --------------------------------------------------------

--
-- Struktur dari tabel `criterias`
--

CREATE TABLE `criterias` (
  `id` bigint(20) UNSIGNED NOT NULL,
  `name` varchar(255) NOT NULL,
  `slug` varchar(255) NOT NULL,
  `kategori` varchar(255) NOT NULL,
  `keterangan` varchar(255) NOT NULL,
  `created_at` timestamp NULL DEFAULT NULL,
  `updated_at` timestamp NULL DEFAULT NULL
) ENGINE=InnoDB DEFAULT CHARSET=utf8mb4 COLLATE=utf8mb4_unicode_ci;

--
-- Dumping data untuk tabel `criterias`
--

INSERT INTO `criterias` (`id`, `name`, `slug`, `kategori`, `keterangan`, `created_at`, `updated_at`) VALUES
(9, 'Pekerjaan Orang Tua/Wali', 'pekerjaan-orang-tuawali', 'BENEFIT', 'Pekerjaan orang tua mempengaruhi keputusan untuk menerima beasiswa', '2024-07-22 07:24:42', '2024-08-25 08:16:45'),
(10, 'Penghasilan Orang Tua/Wali', 'penghasilan-orang-tuawali', 'COST', 'Penghasilan orang tua mempengaruhi keputusan untuk calon siswa penerima beasiswa', '2024-07-22 07:25:51', '2024-10-02 09:16:16'),
(15, 'Status Anak', 'status-anak', 'BENEFIT', 'Status anak tidak sepenuhnya mempengaruhi keputusan untuk menerima beasiswa', '2024-07-22 07:41:25', '2024-08-12 14:06:55');

-- --------------------------------------------------------

--
-- Struktur dari tabel `criteria_analyses`
--

CREATE TABLE `criteria_analyses` (
  `id` bigint(20) UNSIGNED NOT NULL,
  `user_id` bigint(20) UNSIGNED NOT NULL,
  `created_at` timestamp NULL DEFAULT NULL,
  `updated_at` timestamp NULL DEFAULT NULL
) ENGINE=InnoDB DEFAULT CHARSET=utf8mb4 COLLATE=utf8mb4_unicode_ci;

--
-- Dumping data untuk tabel `criteria_analyses`
--

INSERT INTO `criteria_analyses` (`id`, `user_id`, `created_at`, `updated_at`) VALUES
(32, 1, '2024-10-02 11:23:11', '2024-10-02 11:23:11');

-- --------------------------------------------------------

--
-- Struktur dari tabel `criteria_analysis_details`
--

CREATE TABLE `criteria_analysis_details` (
  `id` bigint(20) UNSIGNED NOT NULL,
  `criteria_analysis_id` bigint(20) UNSIGNED NOT NULL,
  `criteria_id_first` bigint(20) UNSIGNED NOT NULL,
  `criteria_id_second` bigint(20) UNSIGNED NOT NULL,
  `comparison_value` decimal(10,9) NOT NULL DEFAULT 1.000000000,
  `comparison_result` decimal(10,9) DEFAULT NULL,
  `created_at` timestamp NULL DEFAULT NULL,
  `updated_at` timestamp NULL DEFAULT NULL
) ENGINE=InnoDB DEFAULT CHARSET=utf8mb4 COLLATE=utf8mb4_unicode_ci;

--
-- Dumping data untuk tabel `criteria_analysis_details`
--

INSERT INTO `criteria_analysis_details` (`id`, `criteria_analysis_id`, `criteria_id_first`, `criteria_id_second`, `comparison_value`, `comparison_result`, `created_at`, `updated_at`) VALUES
(207, 32, 9, 9, 1.000000000, 1.000000000, '2024-10-02 11:23:11', '2024-10-02 11:23:21'),
(208, 32, 9, 10, 1.000000000, 1.000000000, '2024-10-02 11:23:11', '2024-10-02 11:23:21'),
(209, 32, 9, 15, 2.000000000, 2.000000000, '2024-10-02 11:23:11', '2024-10-02 11:23:21'),
(210, 32, 10, 9, 1.000000000, 1.000000000, '2024-10-02 11:23:11', '2024-10-02 11:23:21'),
(211, 32, 10, 10, 1.000000000, 1.000000000, '2024-10-02 11:23:11', '2024-10-02 11:23:21'),
(212, 32, 10, 15, 3.000000000, 3.000000000, '2024-10-02 11:23:11', '2024-10-02 11:23:21'),
(213, 32, 15, 9, 2.000000000, 0.500000000, '2024-10-02 11:23:11', '2024-10-02 11:23:21'),
(214, 32, 15, 10, 3.000000000, 0.333333333, '2024-10-02 11:23:11', '2024-10-02 11:23:21'),
(215, 32, 15, 15, 1.000000000, 1.000000000, '2024-10-02 11:23:11', '2024-10-02 11:23:21');

-- --------------------------------------------------------

--
-- Struktur dari tabel `criteria_subs`
--

CREATE TABLE `criteria_subs` (
  `id` bigint(20) UNSIGNED NOT NULL,
  `criteria_id` bigint(20) UNSIGNED NOT NULL,
  `name_sub` varchar(100) NOT NULL,
  `value` double NOT NULL,
  `created_at` timestamp NULL DEFAULT NULL,
  `updated_at` timestamp NULL DEFAULT NULL
) ENGINE=InnoDB DEFAULT CHARSET=utf8mb4 COLLATE=utf8mb4_general_ci;

--
-- Dumping data untuk tabel `criteria_subs`
--

INSERT INTO `criteria_subs` (`id`, `criteria_id`, `name_sub`, `value`, `created_at`, `updated_at`) VALUES
(28, 9, 'Wiraswasta', 1, '2024-07-22 07:30:01', '2024-10-02 09:18:52'),
(29, 9, 'Buruh', 5, '2024-07-22 07:30:24', '2024-10-02 09:18:03'),
(30, 9, 'Pedagang', 1, '2024-07-22 07:30:55', '2024-10-02 09:18:25'),
(31, 9, 'Nelayan', 5, '2024-07-22 07:31:27', '2024-08-15 11:39:53'),
(32, 9, 'Petani', 5, '2024-07-22 07:31:46', '2024-08-15 11:39:12'),
(33, 10, 'Rp. 500.000 - Rp 1.000.000', 5, '2024-07-22 07:32:32', '2024-08-15 11:35:01'),
(39, 15, 'Yatim', 1, '2024-07-22 07:42:19', '2024-10-02 09:22:12'),
(40, 15, 'Piatu', 1, '2024-07-22 07:42:35', '2024-10-02 09:21:56'),
(44, 10, 'Rp 1.500.000 - Rp 2.000.000', 5, '2024-08-15 11:37:01', '2024-10-02 09:20:30'),
(45, 10, 'Rp 2.500.000 - Rp 4.000.000', 3, '2024-08-15 11:38:34', '2024-10-02 09:21:03'),
(46, 15, 'Yatim Piatu', 5, '2024-08-15 11:42:33', '2024-08-15 11:42:33'),
(47, 9, 'PNS/TNI/POLRI', 3, '2024-08-25 07:49:49', '2024-10-02 09:19:16'),
(48, 10, '> Rp 4.000.000', 3, '2024-08-25 07:51:07', '2024-10-02 09:20:09'),
(49, 9, 'Tidak Bekerja', 5, '2024-08-25 08:05:28', '2024-10-02 09:16:57'),
(52, 15, 'Lengkap', 3, '2024-08-31 01:26:36', '2024-10-02 09:21:37'),
(53, 10, 'Tidak Ada Penghasilan', 5, '2024-09-01 12:15:23', '2024-09-01 12:15:23'),
(54, 9, 'Karyawan Swasta', 3, '2024-10-02 09:19:47', '2024-10-02 09:19:47');

-- --------------------------------------------------------

--
-- Struktur dari tabel `failed_jobs`
--

CREATE TABLE `failed_jobs` (
  `id` bigint(20) UNSIGNED NOT NULL,
  `uuid` varchar(255) NOT NULL,
  `connection` text NOT NULL,
  `queue` text NOT NULL,
  `payload` longtext NOT NULL,
  `exception` longtext NOT NULL,
  `failed_at` timestamp NOT NULL DEFAULT current_timestamp()
) ENGINE=InnoDB DEFAULT CHARSET=utf8mb4 COLLATE=utf8mb4_unicode_ci;

-- --------------------------------------------------------

--
-- Struktur dari tabel `kelas`
--

CREATE TABLE `kelas` (
  `id` bigint(20) UNSIGNED NOT NULL,
  `kelas_name` varchar(255) NOT NULL,
  `slug` varchar(255) NOT NULL,
  `created_at` timestamp NULL DEFAULT NULL,
  `updated_at` timestamp NULL DEFAULT NULL
) ENGINE=InnoDB DEFAULT CHARSET=utf8mb4 COLLATE=utf8mb4_unicode_ci;

--
-- Dumping data untuk tabel `kelas`
--

INSERT INTO `kelas` (`id`, `kelas_name`, `slug`, `created_at`, `updated_at`) VALUES
(10, 'X', 'x', '2024-07-24 11:53:06', '2024-07-24 11:53:06'),
(11, 'XI', 'xi', '2024-07-24 11:53:21', '2024-07-24 11:53:21'),
(12, 'XII', 'xii', '2024-07-24 11:53:30', '2024-07-24 11:53:30');

-- --------------------------------------------------------

--
-- Struktur dari tabel `migrations`
--

CREATE TABLE `migrations` (
  `id` int(10) UNSIGNED NOT NULL,
  `migration` varchar(255) NOT NULL,
  `batch` int(11) NOT NULL
) ENGINE=InnoDB DEFAULT CHARSET=utf8mb4 COLLATE=utf8mb4_unicode_ci;

--
-- Dumping data untuk tabel `migrations`
--

INSERT INTO `migrations` (`id`, `migration`, `batch`) VALUES
(1, '2014_10_12_000000_create_users_table', 1),
(2, '2014_10_12_100000_create_password_resets_table', 1),
(3, '2019_08_19_000000_create_failed_jobs_table', 1),
(4, '2019_12_14_000001_create_personal_access_tokens_table', 1),
(5, '2023_05_07_121522_create_criterias_table', 1),
(6, '2023_05_07_163802_create_kelas_table', 1),
(7, '2023_05_07_174344_create_students_table', 1),
(8, '2023_05_08_030611_create_alternatives_table', 1),
(9, '2023_05_08_032021_create_criteria_analyses_table', 1),
(10, '2023_05_08_032110_create_criteria_analysis_details_table', 1),
(11, '2023_05_25_103913_create_priority_values_table', 1);

-- --------------------------------------------------------

--
-- Struktur dari tabel `password_resets`
--

CREATE TABLE `password_resets` (
  `email` varchar(255) NOT NULL,
  `token` varchar(255) NOT NULL,
  `created_at` timestamp NULL DEFAULT NULL
) ENGINE=InnoDB DEFAULT CHARSET=utf8mb4 COLLATE=utf8mb4_unicode_ci;

-- --------------------------------------------------------

--
-- Struktur dari tabel `personal_access_tokens`
--

CREATE TABLE `personal_access_tokens` (
  `id` bigint(20) UNSIGNED NOT NULL,
  `tokenable_type` varchar(255) NOT NULL,
  `tokenable_id` bigint(20) UNSIGNED NOT NULL,
  `name` varchar(255) NOT NULL,
  `token` varchar(64) NOT NULL,
  `abilities` text DEFAULT NULL,
  `last_used_at` timestamp NULL DEFAULT NULL,
  `created_at` timestamp NULL DEFAULT NULL,
  `updated_at` timestamp NULL DEFAULT NULL
) ENGINE=InnoDB DEFAULT CHARSET=utf8mb4 COLLATE=utf8mb4_unicode_ci;

-- --------------------------------------------------------

--
-- Struktur dari tabel `priority_values`
--

CREATE TABLE `priority_values` (
  `id` bigint(20) UNSIGNED NOT NULL,
  `criteria_analysis_id` bigint(20) UNSIGNED NOT NULL,
  `criteria_id` bigint(20) UNSIGNED NOT NULL,
  `value` decimal(10,9) NOT NULL,
  `created_at` timestamp NULL DEFAULT NULL,
  `updated_at` timestamp NULL DEFAULT NULL
) ENGINE=InnoDB DEFAULT CHARSET=utf8mb4 COLLATE=utf8mb4_unicode_ci;

--
-- Dumping data untuk tabel `priority_values`
--

INSERT INTO `priority_values` (`id`, `criteria_analysis_id`, `criteria_id`, `value`, `created_at`, `updated_at`) VALUES
(64, 32, 9, 0.387301587, '2024-10-02 11:23:21', '2024-10-02 11:23:21'),
(65, 32, 10, 0.442857143, '2024-10-02 11:23:21', '2024-10-02 11:23:21'),
(66, 32, 15, 0.169841269, '2024-10-02 11:23:21', '2024-10-02 11:23:21');

-- --------------------------------------------------------

--
-- Struktur dari tabel `students`
--

CREATE TABLE `students` (
  `id` bigint(20) UNSIGNED NOT NULL,
  `kelas_id` bigint(20) UNSIGNED NOT NULL,
  `nis` bigint(20) NOT NULL,
  `name` varchar(255) NOT NULL,
  `gender` varchar(255) NOT NULL,
  `created_at` timestamp NULL DEFAULT NULL,
  `updated_at` timestamp NULL DEFAULT NULL
) ENGINE=InnoDB DEFAULT CHARSET=utf8mb4 COLLATE=utf8mb4_unicode_ci;

--
-- Dumping data untuk tabel `students`
--

INSERT INTO `students` (`id`, `kelas_id`, `nis`, `name`, `gender`, `created_at`, `updated_at`) VALUES
(8, 10, 84501315, 'AATHIFAH NOURA MAULANI', 'Perempuan', '2024-08-12 14:18:32', '2024-08-12 14:18:32'),
(9, 12, 67406705, 'Abas Emirsyah Tonoy', 'Laki-laki', '2024-08-12 14:19:29', '2024-08-14 11:00:26'),
(10, 10, 3088812585, 'Abdillan Farel', 'Laki-laki', '2024-08-12 14:20:21', '2024-08-12 14:22:06'),
(11, 11, 64988907, 'Abdul Raufi Yuniarto Malik', 'Laki-laki', '2024-08-12 14:21:23', '2024-08-12 14:21:23'),
(12, 12, 55853860, 'Abdul Rohim Saputra', 'Laki-laki', '2024-08-12 14:23:13', '2024-08-12 14:23:13'),
(13, 11, 63267825, 'Abdul Warits', 'Laki-laki', '2024-08-12 14:24:10', '2024-08-12 14:24:10'),
(14, 11, 74783718, 'Abdullah Faqih', 'Laki-laki', '2024-08-12 14:24:56', '2024-08-12 14:24:56'),
(15, 11, 71283124, 'ACHMAD DZAKWAN ILMANSYAH', 'Laki-laki', '2024-08-12 14:25:36', '2024-08-12 14:25:36'),
(16, 11, 61619421, 'Adelia LInda Irianti', 'Perempuan', '2024-08-12 14:26:34', '2024-08-12 14:26:34'),
(17, 12, 61274961, 'Adelia Syaharani', 'Perempuan', '2024-08-12 14:27:29', '2024-08-12 14:27:29'),
(18, 12, 77358827, 'Adinda Zuleyka Lande', 'Perempuan', '2024-08-14 10:54:47', '2024-08-14 10:54:47'),
(19, 12, 61082850, 'ADITYA RAFLI NICHOLAS WIRA YUDHA PRATAMA', 'Laki-laki', '2024-08-14 10:56:08', '2024-08-14 10:56:08'),
(20, 12, 68291044, 'ADITYA SAPUTRA', 'Laki-laki', '2024-08-14 10:56:57', '2024-08-14 10:56:57'),
(21, 10, 77072699, 'ADITYA YOGA PRATAMA', 'Laki-laki', '2024-08-14 10:57:32', '2024-08-14 10:57:32'),
(22, 10, 72994401, 'Afrisa Afandi', 'Laki-laki', '2024-08-14 10:58:03', '2024-08-14 10:58:03'),
(23, 10, 72623672, 'Agung Pratama Mulya', 'Laki-laki', '2024-08-14 10:59:27', '2024-08-14 10:59:27'),
(24, 11, 78215416, 'AHMAD ABDUL AZIZ ADITYA', 'Laki-laki', '2024-08-14 11:01:36', '2024-08-14 11:01:36'),
(25, 11, 78904374, 'AHMAD BAIHAQI', 'Laki-laki', '2024-08-14 11:02:06', '2024-08-14 11:02:06'),
(26, 10, 74942074, 'Ahmad fachry Saputra', 'Laki-laki', '2024-08-14 11:02:48', '2024-08-14 11:02:48'),
(27, 10, 78918545, 'AHMAD FAREL', 'Laki-laki', '2024-08-14 11:03:26', '2024-08-14 11:03:26'),
(28, 10, 78264768, 'Ahmad Fauzan', 'Laki-laki', '2024-08-14 11:04:11', '2024-08-14 11:04:11'),
(29, 10, 76777928, 'AHMAD KAUTSAR', 'Laki-laki', '2024-08-14 11:04:48', '2024-08-14 11:04:48'),
(30, 11, 72286863, 'Ahmad Supriyadi', 'Laki-laki', '2024-08-14 11:05:28', '2024-08-14 11:05:28'),
(31, 10, 76399565, 'AIDIL RAMADAN BAKRI PADDU', 'Laki-laki', '2024-08-14 11:06:04', '2024-08-14 11:06:04'),
(32, 10, 3088609230, 'AIMAN ABDILLAH', 'Laki-laki', '2024-08-14 11:06:43', '2024-08-14 11:06:43'),
(33, 11, 69752607, 'Airin Nazwa Meidani', 'Perempuan', '2024-08-14 11:07:20', '2024-08-14 11:07:20'),
(34, 12, 52748391, 'AISYIAH NUR ATIKA', 'Perempuan', '2024-08-14 11:07:56', '2024-08-14 11:07:56'),
(35, 10, 3063368112, 'Akeyla Putra Setiawan', 'Laki-laki', '2024-08-14 11:09:03', '2024-08-14 11:09:03'),
(36, 11, 75117956, 'Akhmad Janur Iriandi Ridwan', 'Laki-laki', '2024-08-14 11:09:47', '2024-08-14 11:09:47'),
(37, 10, 91489860, 'AL-MAIRA LUTFIANA ADIPUTRI MUFTI', 'Perempuan', '2024-08-14 11:10:27', '2024-08-14 11:10:27'),
(38, 12, 46303680, 'Aldi Nawarisa', 'Laki-laki', '2024-08-14 11:10:58', '2024-08-14 11:10:58'),
(39, 10, 74305662, 'Aldian Dwi Saputra', 'Laki-laki', '2024-08-14 11:11:35', '2024-08-14 11:11:35'),
(40, 12, 63005810, 'ALFARIS SYAHDAN NURPRATAMA', 'Laki-laki', '2024-08-14 11:12:18', '2024-08-14 11:12:18'),
(41, 12, 67896286, 'ALFIAN', 'Laki-laki', '2024-08-14 11:12:57', '2024-08-14 11:12:57'),
(42, 12, 3067703038, 'ALFIN CANNAVARO ICHENK', 'Laki-laki', '2024-08-14 11:13:45', '2024-08-14 11:13:45'),
(43, 12, 67945956, 'Alfin Inai', 'Laki-laki', '2024-08-14 11:14:18', '2024-08-14 11:14:18'),
(44, 10, 87602187, 'Ali Mukti Muhamad Rifai', 'Laki-laki', '2024-08-14 11:14:51', '2024-08-14 11:14:51'),
(45, 10, 82048300, 'Alia Ursyad', 'Perempuan', '2024-08-14 11:15:34', '2024-08-14 11:15:34'),
(46, 10, 77093656, 'Alievia Nadita Putrian', 'Perempuan', '2024-08-14 11:16:07', '2024-08-14 11:16:07'),
(47, 12, 66938641, 'ALIF RIZKY AL ISLAM', 'Laki-laki', '2024-08-14 11:16:52', '2024-08-14 11:16:52'),
(48, 10, 81387568, 'ALISYA IZZATUL AULIYA', 'Perempuan', '2024-08-14 11:20:15', '2024-08-14 11:20:15'),
(49, 11, 76704181, 'Allun Subhan Lee', 'Laki-laki', '2024-08-14 11:20:53', '2024-08-14 11:20:53'),
(50, 11, 67205238, 'ALONNI N PIGAY', 'Laki-laki', '2024-08-14 11:21:29', '2024-08-14 11:21:29'),
(51, 10, 93871745, 'ALVIAN MUBARAK', 'Laki-laki', '2024-08-14 11:22:05', '2024-08-14 11:22:05'),
(52, 10, 72416914, 'ALYA FATIQH TURUA', 'Perempuan', '2024-08-14 11:22:41', '2024-08-14 11:22:41'),
(53, 12, 55941605, 'ALYA RAHMA', 'Perempuan', '2024-08-14 11:23:18', '2024-08-14 11:23:18'),
(54, 11, 75228581, 'Amalia Nursharfina Rahman', 'Perempuan', '2024-08-14 11:24:02', '2024-08-14 11:24:02'),
(55, 11, 3065165609, 'Amalia Riski', 'Perempuan', '2024-08-14 11:24:44', '2024-08-14 11:24:44'),
(56, 10, 82266451, 'Amanda Suci Safira', 'Perempuan', '2024-08-14 11:25:18', '2024-08-14 11:25:18'),
(57, 10, 89859520, 'An Niza Puteri', 'Perempuan', '2024-08-14 11:25:47', '2024-08-14 11:25:47'),
(58, 11, 76942416, 'Andhika Dwi Alfiansyah', 'Laki-laki', '2024-08-14 11:26:15', '2024-08-14 11:26:15'),
(59, 10, 77183858, 'Andi Ahmad Maulana Rifai', 'Laki-laki', '2024-08-14 11:26:56', '2024-08-14 11:26:56'),
(60, 11, 76184765, 'Andi Alfathir Muhammad Zidan', 'Laki-laki', '2024-08-14 11:27:28', '2024-08-14 11:27:28'),
(61, 10, 71564244, 'ANDI PRISKA EKA PUTRI', 'Perempuan', '2024-08-14 11:28:05', '2024-08-14 11:28:05'),
(62, 11, 87379567, 'ANGGA BIMANTARA HARYADI', 'Laki-laki', '2024-08-14 11:28:56', '2024-08-14 11:28:56'),
(63, 12, 3063430316, 'Anisa Dwi Lestari', 'Perempuan', '2024-08-14 11:29:39', '2024-08-14 11:29:39'),
(64, 11, 72122156, 'ANISA GITA NUR MALANI', 'Perempuan', '2024-08-14 11:30:10', '2024-08-14 11:30:10'),
(65, 10, 89217030, 'Annisa Sakinah Almar Pratiwi', 'Perempuan', '2024-08-14 11:30:56', '2024-08-14 11:30:56'),
(66, 10, 83176705, 'Ardi Nugroho', 'Laki-laki', '2024-08-14 11:31:50', '2024-08-14 11:31:50'),
(67, 11, 79305715, 'Ardila Nur Aziza Putriana', 'Perempuan', '2024-08-14 11:32:25', '2024-08-14 11:32:25'),
(68, 12, 69337818, 'ARI PUGUH PAMBUDI', 'Laki-laki', '2024-08-14 11:32:53', '2024-08-14 11:32:53'),
(69, 10, 82312776, 'ARJUNA BIAHIMO', 'Laki-laki', '2024-08-14 11:33:25', '2024-08-14 11:33:25'),
(70, 12, 59329964, 'Arman Baharuddin', 'Laki-laki', '2024-08-14 11:34:37', '2024-08-14 11:34:37'),
(71, 12, 63606565, 'Armayka Ade Ramdhani', 'Laki-laki', '2024-08-14 11:35:12', '2024-08-14 11:35:12'),
(72, 11, 79161020, 'Arwila Serly Hidayati', 'Perempuan', '2024-08-14 11:35:59', '2024-08-14 11:35:59'),
(73, 11, 57402092, 'Arya Aditya Gautama', 'Laki-laki', '2024-08-14 11:36:56', '2024-08-14 11:36:56'),
(74, 11, 67764281, 'Asmaul Husna', 'Perempuan', '2024-08-14 11:40:15', '2024-08-14 11:40:15'),
(75, 11, 63078483, 'Asraf Saidhi', 'Laki-laki', '2024-08-14 11:41:16', '2024-08-14 11:41:16'),
(76, 12, 62089909, 'Aulia Ramadani', 'Perempuan', '2024-08-14 11:41:50', '2024-08-14 11:41:50'),
(77, 11, 71977868, 'Aulia Tunnisa Liputo', 'Perempuan', '2024-08-14 11:43:52', '2024-08-14 11:43:52'),
(78, 11, 62597530, 'AURA KHATMA MELANI', 'Perempuan', '2024-08-14 11:45:03', '2024-08-14 11:45:03'),
(79, 12, 55681175, 'Ayla Dwi Amanah', 'Perempuan', '2024-08-14 11:45:36', '2024-08-14 11:45:36'),
(80, 10, 3075118817, 'AYU IFTAKHUL JANNAH', 'Perempuan', '2024-08-14 11:46:11', '2024-08-14 11:46:11'),
(81, 11, 71621647, 'Ayu Ode Kaimudin', 'Perempuan', '2024-08-14 11:46:40', '2024-08-14 11:46:40'),
(82, 11, 85365650, 'Ayu Qalbi', 'Perempuan', '2024-08-14 11:47:09', '2024-08-14 11:47:09'),
(83, 10, 3072757708, 'AYU RAMADANI', 'Perempuan', '2024-08-14 11:47:40', '2024-08-14 11:47:40'),
(84, 10, 78169664, 'AZIZAH KHAIRUNNISWAH', 'Perempuan', '2024-08-14 11:48:11', '2024-08-14 11:48:11'),
(85, 11, 73323541, 'AZZAHRA VANDRASTEA SYAFIRA', 'Perempuan', '2024-08-14 11:48:51', '2024-08-14 11:48:51'),
(86, 12, 69270452, 'Badriah Nuraini Rahayu', 'Perempuan', '2024-08-14 11:50:32', '2024-08-14 11:50:32'),
(87, 10, 89651306, 'BARI ABDUL JALIL', 'Laki-laki', '2024-08-14 11:51:08', '2024-08-14 11:51:08'),
(88, 12, 62847259, 'BINTANG TAHTHA RAMADHAN', 'Laki-laki', '2024-08-14 11:52:34', '2024-08-14 11:52:34'),
(89, 11, 65627155, 'Bunga Sistiawan', 'Perempuan', '2024-08-14 11:53:01', '2024-08-14 11:53:01'),
(90, 11, 76395156, 'Caesaria Putri Salsa Bella', 'Perempuan', '2024-08-14 11:53:29', '2024-08-14 11:53:29'),
(91, 10, 76043417, 'CAHYA RUKHIYAT', 'Laki-laki', '2024-08-14 11:53:54', '2024-08-14 11:53:54'),
(92, 10, 88102088, 'Cahyani Malaiji', 'Perempuan', '2024-08-14 11:54:22', '2024-08-14 11:54:22'),
(93, 10, 77066206, 'CHANTIKA SRI WAHYU RAMADHANI', 'Perempuan', '2024-08-14 11:54:55', '2024-08-14 11:54:55'),
(94, 12, 65638683, 'CHANTYKA ARI TOBO', 'Perempuan', '2024-08-14 11:55:28', '2024-08-14 11:55:28'),
(95, 11, 75976320, 'Cheisyah Febiana Kelian', 'Perempuan', '2024-08-14 11:56:09', '2024-08-14 11:56:09'),
(96, 11, 84368600, 'CINTA NUR AISYAH', 'Perempuan', '2024-08-14 11:56:41', '2024-08-14 11:56:41'),
(97, 12, 73025423, 'CITRA AFRILIA FIRMANSYAH', 'Perempuan', '2024-08-14 11:57:21', '2024-08-14 11:57:21'),
(98, 10, 3199288803, 'Citra Lestari', 'Perempuan', '2024-08-14 11:57:53', '2024-08-14 11:57:53'),
(99, 12, 59145835, 'Clara Satya Putri', 'Perempuan', '2024-08-14 11:58:29', '2024-08-14 11:58:29'),
(100, 11, 74722124, 'Darwis Ardiansyah Sul', 'Laki-laki', '2024-08-14 11:58:59', '2024-08-14 11:58:59'),
(101, 11, 68804670, 'DEA NOVASARI', 'Perempuan', '2024-08-14 11:59:30', '2024-08-14 11:59:30'),
(102, 10, 72571558, 'DELY TEPMUL', 'Laki-laki', '2024-08-14 12:00:02', '2024-08-14 12:00:02'),
(103, 11, 61818152, 'DESI SYAHIRA PUTRI KELREY', 'Perempuan', '2024-08-14 12:00:53', '2024-08-14 12:00:53'),
(104, 10, 73532316, 'DEWI Jannah', 'Perempuan', '2024-08-14 12:02:41', '2024-08-14 12:02:41'),
(105, 10, 79314715, 'DIAH ANANDA DWI SAFITRI', 'Perempuan', '2024-08-14 12:03:22', '2024-08-14 12:03:22'),
(106, 10, 72139079, 'DIAN PURNAMA SARI', 'Perempuan', '2024-08-14 12:03:50', '2024-08-14 12:03:50'),
(107, 10, 3074801113, 'Diandra Zahratul Zhinta', 'Perempuan', '2024-08-14 12:04:22', '2024-08-14 12:04:22'),
(108, 10, 67314060, 'DIMAS RAFANDIKA IHKWAN', 'Laki-laki', '2024-08-14 12:06:45', '2024-08-14 12:06:45'),
(109, 11, 81500667, 'Diva Febria', 'Perempuan', '2024-08-14 12:07:36', '2024-08-14 12:07:36'),
(110, 12, 76565740, 'DIYA Diya', 'Perempuan', '2024-08-14 12:09:38', '2024-08-14 12:09:38'),
(111, 10, 71013577, 'DWI ANDAYANI', 'Perempuan', '2024-08-14 12:10:09', '2024-08-14 12:10:09'),
(112, 11, 78461045, 'Ega Prasetiawan', 'Laki-laki', '2024-08-14 12:10:43', '2024-08-14 12:10:43'),
(113, 11, 63031461, 'EKO NUR DIANTORO', 'Laki-laki', '2024-08-15 11:10:19', '2024-08-15 11:10:19'),
(114, 11, 61444567, 'FADHILA ROHMAWATI', 'Perempuan', '2024-08-15 11:10:51', '2024-08-15 11:10:51'),
(115, 11, 3075910502, 'Fadil Shandy', 'Laki-laki', '2024-08-15 11:11:27', '2024-08-15 11:11:27'),
(116, 10, 88722968, 'FAHRIMA MAYULANI RUSLI', 'Perempuan', '2024-08-15 11:11:55', '2024-08-15 11:11:55'),
(117, 11, 75848660, 'Fahrul Rizki Anwar', 'Laki-laki', '2024-08-15 11:12:21', '2024-08-15 11:12:21'),
(118, 10, 87512864, 'FAIRUS HIDAYAT', 'Laki-laki', '2024-08-15 11:12:51', '2024-08-15 11:12:51'),
(119, 11, 64441454, 'Fani Adelia Saqira', 'Perempuan', '2024-08-15 11:13:23', '2024-08-15 11:13:23'),
(120, 11, 79834863, 'Faqih Nadhir Fairuz Amrullah', 'Laki-laki', '2024-08-15 11:13:54', '2024-08-15 11:13:54'),
(121, 10, 85227645, 'FARHAN BIMA ANUGRAH', 'Laki-laki', '2024-08-15 11:14:17', '2024-08-15 11:14:17'),
(122, 10, 82300932, 'Farida Salsabillah', 'Perempuan', '2024-08-15 11:14:44', '2024-08-15 11:14:44'),
(123, 10, 82589962, 'Faris Arkhan Khalis', 'Laki-laki', '2024-08-15 11:15:12', '2024-08-15 11:15:12'),
(124, 10, 72894401, 'FARREL ANDHARA ZILDJIAN DARMAWAN', 'Laki-laki', '2024-08-15 11:15:36', '2024-08-15 11:15:36'),
(125, 11, 63181415, 'FARRELLY ARIFALDHINANDA DESRAHWAN', 'Laki-laki', '2024-08-15 11:16:04', '2024-08-15 11:16:04'),
(126, 11, 73745854, 'FATHIMAH AZZAHRA', 'Perempuan', '2024-08-15 11:16:57', '2024-08-15 11:16:57'),
(127, 11, 77832943, 'Fathiyah Nur Israh', 'Perempuan', '2024-08-15 11:17:21', '2024-08-15 11:17:21');

-- --------------------------------------------------------

--
-- Struktur dari tabel `users`
--

CREATE TABLE `users` (
  `id` bigint(20) UNSIGNED NOT NULL,
  `name` varchar(255) NOT NULL,
  `username` varchar(255) NOT NULL,
  `email` varchar(255) NOT NULL,
  `email_verified_at` timestamp NULL DEFAULT NULL,
  `password` varchar(255) NOT NULL,
  `level` varchar(255) NOT NULL DEFAULT 'USER',
  `remember_token` varchar(100) DEFAULT NULL,
  `created_at` timestamp NULL DEFAULT NULL,
  `updated_at` timestamp NULL DEFAULT NULL
) ENGINE=InnoDB DEFAULT CHARSET=utf8mb4 COLLATE=utf8mb4_unicode_ci;

--
-- Dumping data untuk tabel `users`
--

INSERT INTO `users` (`id`, `name`, `username`, `email`, `email_verified_at`, `password`, `level`, `remember_token`, `created_at`, `updated_at`) VALUES
(1, 'Operator', 'adminer', 'admin@spk.com', NULL, '$2y$10$Ofu5vJX1hTZWD0Fa9GDC/.5JaorAb9fuIPgOdz4x9XDRyV1JCsj.e', 'ADMIN', NULL, '2024-06-03 01:17:41', '2024-06-03 01:17:41');

--
-- Indexes for dumped tables
--

--
-- Indeks untuk tabel `alternatives`
--
ALTER TABLE `alternatives`
  ADD PRIMARY KEY (`id`),
  ADD KEY `alternatives_criteria_id_foreign` (`criteria_id`),
  ADD KEY `alternatives_student_id_foreign` (`student_id`),
  ADD KEY `alternatives_kelas_id_foreign` (`kelas_id`),
  ADD KEY `criteria_sub_id` (`criteria_sub_id`);

--
-- Indeks untuk tabel `criterias`
--
ALTER TABLE `criterias`
  ADD PRIMARY KEY (`id`),
  ADD UNIQUE KEY `criterias_name_unique` (`name`),
  ADD UNIQUE KEY `criterias_slug_unique` (`slug`);

--
-- Indeks untuk tabel `criteria_analyses`
--
ALTER TABLE `criteria_analyses`
  ADD PRIMARY KEY (`id`),
  ADD KEY `criteria_analyses_user_id_foreign` (`user_id`);

--
-- Indeks untuk tabel `criteria_analysis_details`
--
ALTER TABLE `criteria_analysis_details`
  ADD PRIMARY KEY (`id`),
  ADD KEY `criteria_analysis_details_criteria_analysis_id_foreign` (`criteria_analysis_id`),
  ADD KEY `criteria_analysis_details_criteria_id_first_foreign` (`criteria_id_first`),
  ADD KEY `criteria_analysis_details_criteria_id_second_foreign` (`criteria_id_second`);

--
-- Indeks untuk tabel `criteria_subs`
--
ALTER TABLE `criteria_subs`
  ADD PRIMARY KEY (`id`),
  ADD KEY `criteria_id` (`criteria_id`);

--
-- Indeks untuk tabel `failed_jobs`
--
ALTER TABLE `failed_jobs`
  ADD PRIMARY KEY (`id`),
  ADD UNIQUE KEY `failed_jobs_uuid_unique` (`uuid`);

--
-- Indeks untuk tabel `kelas`
--
ALTER TABLE `kelas`
  ADD PRIMARY KEY (`id`),
  ADD UNIQUE KEY `kelas_kelas_name_unique` (`kelas_name`),
  ADD UNIQUE KEY `kelas_slug_unique` (`slug`);

--
-- Indeks untuk tabel `migrations`
--
ALTER TABLE `migrations`
  ADD PRIMARY KEY (`id`);

--
-- Indeks untuk tabel `password_resets`
--
ALTER TABLE `password_resets`
  ADD KEY `password_resets_email_index` (`email`);

--
-- Indeks untuk tabel `personal_access_tokens`
--
ALTER TABLE `personal_access_tokens`
  ADD PRIMARY KEY (`id`),
  ADD UNIQUE KEY `personal_access_tokens_token_unique` (`token`),
  ADD KEY `personal_access_tokens_tokenable_type_tokenable_id_index` (`tokenable_type`,`tokenable_id`);

--
-- Indeks untuk tabel `priority_values`
--
ALTER TABLE `priority_values`
  ADD PRIMARY KEY (`id`),
  ADD KEY `priority_values_criteria_analysis_id_foreign` (`criteria_analysis_id`),
  ADD KEY `priority_values_criteria_id_foreign` (`criteria_id`);

--
-- Indeks untuk tabel `students`
--
ALTER TABLE `students`
  ADD PRIMARY KEY (`id`),
  ADD UNIQUE KEY `students_nis_unique` (`nis`),
  ADD KEY `students_kelas_id_foreign` (`kelas_id`);

--
-- Indeks untuk tabel `users`
--
ALTER TABLE `users`
  ADD PRIMARY KEY (`id`),
  ADD UNIQUE KEY `users_username_unique` (`username`),
  ADD UNIQUE KEY `users_email_unique` (`email`);

--
-- AUTO_INCREMENT untuk tabel yang dibuang
--

--
-- AUTO_INCREMENT untuk tabel `alternatives`
--
ALTER TABLE `alternatives`
  MODIFY `id` bigint(20) UNSIGNED NOT NULL AUTO_INCREMENT, AUTO_INCREMENT=939;

--
-- AUTO_INCREMENT untuk tabel `criterias`
--
ALTER TABLE `criterias`
  MODIFY `id` bigint(20) UNSIGNED NOT NULL AUTO_INCREMENT, AUTO_INCREMENT=16;

--
-- AUTO_INCREMENT untuk tabel `criteria_analyses`
--
ALTER TABLE `criteria_analyses`
  MODIFY `id` bigint(20) UNSIGNED NOT NULL AUTO_INCREMENT, AUTO_INCREMENT=33;

--
-- AUTO_INCREMENT untuk tabel `criteria_analysis_details`
--
ALTER TABLE `criteria_analysis_details`
  MODIFY `id` bigint(20) UNSIGNED NOT NULL AUTO_INCREMENT, AUTO_INCREMENT=216;

--
-- AUTO_INCREMENT untuk tabel `criteria_subs`
--
ALTER TABLE `criteria_subs`
  MODIFY `id` bigint(20) UNSIGNED NOT NULL AUTO_INCREMENT, AUTO_INCREMENT=55;

--
-- AUTO_INCREMENT untuk tabel `failed_jobs`
--
ALTER TABLE `failed_jobs`
  MODIFY `id` bigint(20) UNSIGNED NOT NULL AUTO_INCREMENT;

--
-- AUTO_INCREMENT untuk tabel `kelas`
--
ALTER TABLE `kelas`
  MODIFY `id` bigint(20) UNSIGNED NOT NULL AUTO_INCREMENT, AUTO_INCREMENT=13;

--
-- AUTO_INCREMENT untuk tabel `migrations`
--
ALTER TABLE `migrations`
  MODIFY `id` int(10) UNSIGNED NOT NULL AUTO_INCREMENT, AUTO_INCREMENT=12;

--
-- AUTO_INCREMENT untuk tabel `personal_access_tokens`
--
ALTER TABLE `personal_access_tokens`
  MODIFY `id` bigint(20) UNSIGNED NOT NULL AUTO_INCREMENT;

--
-- AUTO_INCREMENT untuk tabel `priority_values`
--
ALTER TABLE `priority_values`
  MODIFY `id` bigint(20) UNSIGNED NOT NULL AUTO_INCREMENT, AUTO_INCREMENT=67;

--
-- AUTO_INCREMENT untuk tabel `students`
--
ALTER TABLE `students`
  MODIFY `id` bigint(20) UNSIGNED NOT NULL AUTO_INCREMENT, AUTO_INCREMENT=158;

--
-- AUTO_INCREMENT untuk tabel `users`
--
ALTER TABLE `users`
  MODIFY `id` bigint(20) UNSIGNED NOT NULL AUTO_INCREMENT, AUTO_INCREMENT=2;

--
-- Ketidakleluasaan untuk tabel pelimpahan (Dumped Tables)
--

--
-- Ketidakleluasaan untuk tabel `alternatives`
--
ALTER TABLE `alternatives`
  ADD CONSTRAINT `alternatives_criteria_id_foreign` FOREIGN KEY (`criteria_id`) REFERENCES `criterias` (`id`) ON DELETE CASCADE,
  ADD CONSTRAINT `alternatives_criteria_sub_id` FOREIGN KEY (`criteria_sub_id`) REFERENCES `criteria_subs` (`id`),
  ADD CONSTRAINT `alternatives_kelas_id_foreign` FOREIGN KEY (`kelas_id`) REFERENCES `kelas` (`id`) ON DELETE CASCADE,
  ADD CONSTRAINT `alternatives_student_id_foreign` FOREIGN KEY (`student_id`) REFERENCES `students` (`id`) ON DELETE CASCADE;

--
-- Ketidakleluasaan untuk tabel `criteria_analyses`
--
ALTER TABLE `criteria_analyses`
  ADD CONSTRAINT `criteria_analyses_user_id_foreign` FOREIGN KEY (`user_id`) REFERENCES `users` (`id`);

--
-- Ketidakleluasaan untuk tabel `criteria_analysis_details`
--
ALTER TABLE `criteria_analysis_details`
  ADD CONSTRAINT `criteria_analysis_details_criteria_analysis_id_foreign` FOREIGN KEY (`criteria_analysis_id`) REFERENCES `criteria_analyses` (`id`) ON DELETE CASCADE,
  ADD CONSTRAINT `criteria_analysis_details_criteria_id_first_foreign` FOREIGN KEY (`criteria_id_first`) REFERENCES `criterias` (`id`) ON DELETE CASCADE,
  ADD CONSTRAINT `criteria_analysis_details_criteria_id_second_foreign` FOREIGN KEY (`criteria_id_second`) REFERENCES `criterias` (`id`) ON DELETE CASCADE;

--
-- Ketidakleluasaan untuk tabel `criteria_subs`
--
ALTER TABLE `criteria_subs`
  ADD CONSTRAINT `fk_criteria_subs` FOREIGN KEY (`criteria_id`) REFERENCES `criterias` (`id`) ON DELETE CASCADE;

--
-- Ketidakleluasaan untuk tabel `priority_values`
--
ALTER TABLE `priority_values`
  ADD CONSTRAINT `priority_values_criteria_analysis_id_foreign` FOREIGN KEY (`criteria_analysis_id`) REFERENCES `criteria_analyses` (`id`) ON DELETE CASCADE,
  ADD CONSTRAINT `priority_values_criteria_id_foreign` FOREIGN KEY (`criteria_id`) REFERENCES `criterias` (`id`) ON DELETE CASCADE;

--
-- Ketidakleluasaan untuk tabel `students`
--
ALTER TABLE `students`
  ADD CONSTRAINT `students_kelas_id_foreign` FOREIGN KEY (`kelas_id`) REFERENCES `kelas` (`id`) ON DELETE CASCADE;
COMMIT;

/*!40101 SET CHARACTER_SET_CLIENT=@OLD_CHARACTER_SET_CLIENT */;
/*!40101 SET CHARACTER_SET_RESULTS=@OLD_CHARACTER_SET_RESULTS */;
/*!40101 SET COLLATION_CONNECTION=@OLD_COLLATION_CONNECTION */;
